{
  "n_folds": 6,
  "random_state": 0,
  "holdout_fold": 4,
  "distinctness_ranking": [
    4,
    3,
    2,
    1,
    0,
    5
  ],
  "per_fold_top5_median": {
    "0": 0.32929113924050635,
    "1": 0.3163206591477004,
    "2": 0.31348333236280673,
    "3": 0.28644595720851873,
    "4": 0.2817385866166354,
    "5": 0.3598596225551458
  },
  "per_fold_top5_mean": {
    "0": 0.3359734411548023,
    "1": 0.3143797495207653,
    "2": 0.3113660298187635,
    "3": 0.2942149509807262,
    "4": 0.28854715193505276,
    "5": 0.3546627027513246
  },
  "fold_sizes": {
    "0": 245,
    "1": 331,
    "2": 170,
    "3": 486,
    "4": 131,
    "5": 236
  }
}