{
  "objective": "binary:logistic",
  "eval_metric": "aucpr",
  "verbosity": 0,
  "n_jobs": -1,
  "random_state": 1941040898,
  "max_depth": 8,
  "learning_rate": 0.01716349656265553,
  "n_estimators": 750,
  "subsample": 0.7629803607795484,
  "colsample_bytree": 0.3893484369115902,
  "min_child_weight": 6,
  "gamma": 2.6645840553204088,
  "reg_alpha": 0.005157488416228367,
  "reg_lambda": 0.00010528511181973726,
  "seed": 1941040898,
  "fold_strategy": "pacmap-kmeans6",
  "cv_folds": [
    0,
    1,
    2,
    3,
    5
  ],
  "holdout_fold": 4,
  "optimal_threshold": 0.2541469633579254,
  "optimal_precision": 0.3905579399141631,
  "optimal_recall": 0.5986842105263158,
  "optimal_f1": 0.4727272727272728,
  "holdout": {
    "n": 101,
    "n_pos": 4,
    "prevalence": 0.039603960396039604,
    "auroc": 0.5670103092783505,
    "auprc": 0.05523702182269957,
    "brier": 0.06267283856868744,
    "baseline_brier_prevalence": 0.03803548671698853,
    "f1_at_05": 0.0,
    "balanced_acc_at_05": 0.4948453608247423
  }
}