{
  "n_records": 2153,
  "n_compounds": 1911,
  "n_batches": 14,
  "n_compounds_multi_measurement": 72,
  "n_compounds_multi_batch": 72,
  "within_compound_pKD_std": {
    "n": 65,
    "median": 0.29283754878069357,
    "mean": 0.9233398747344673,
    "p90": 3.2198012100978395,
    "max": 4.620311357021211
  },
  "within_compound_pKD_range": {
    "median": 0.4381632846437844,
    "mean": 1.4712154440634901,
    "p90": 6.032318507365134,
    "max": 9.70103248493498
  },
  "global_pKD_std": 1.7943936642403993,
  "batch_median_pKD_spread": 1.9700035091706893,
  "r2_batch_only_anova": 0.16172861583398407
}