fold,n,pKD_mean,pKD_median,pKD_std,is_holdout
0,245,3.0792331639271313,3.1418290865615726,1.1153439461688548,false
1,331,3.315757658114486,3.381736788549733,1.7875759961765418,false
2,170,2.83936945972905,3.1279635387602216,1.7616434673225099,false
3,486,3.2834418144221833,3.3667305697386634,1.5442111915252883,false
4,131,2.692249817896682,3.0744740599235136,1.452180573576865,true
5,236,2.4933401849327788,2.981438616797214,1.7795878128918603,false
