{
  "objective": "binary:logistic",
  "eval_metric": "aucpr",
  "verbosity": 0,
  "n_jobs": -1,
  "random_state": 133194043,
  "max_depth": 7,
  "learning_rate": 0.014816969283878727,
  "n_estimators": 400,
  "subsample": 0.8603276318821075,
  "colsample_bytree": 0.10455242162416589,
  "min_child_weight": 10,
  "gamma": 0.7623497406080754,
  "reg_alpha": 0.016098355673871516,
  "reg_lambda": 1.2292087314889357,
  "seed": 133194043,
  "optimal_threshold": 0.4754721224308014,
  "optimal_precision": 0.47878787878787876,
  "optimal_recall": 0.5064102564102564,
  "optimal_f1": 0.49221183800623053
}